run,algorithm,step_size,iter,time,loss,gap,spars,mse
0.0,FW_diminishing,diminishing,0.0,5.6743621826171875e-05,26.58386228505275,3.716137714947244,1.0,0.8861287428350917
0.0,FW_diminishing,diminishing,1.0,9.775161743164062e-05,26.55113419082399,0.34746059141359886,2.0,0.8850378063607997
0.0,FW_diminishing,diminishing,2.0,0.00012803077697753906,26.517770162926624,0.1661842058182046,2.0,0.8839256720975541
0.0,FW_diminishing,diminishing,3.0,0.00015497207641601562,26.53650489324264,0.03272809422876266,2.0,0.884550163108088
0.0,FW_diminishing,diminishing,4.0,0.0001800060272216797,26.516486476504223,0.11376157122792963,2.0,0.8838828825501408
0.0,FW_diminishing,diminishing,5.0,0.0002040863037109375,26.521122742616683,0.0042326194683774965,2.0,0.8840374247538895
0.0,FW_diminishing,diminishing,6.0,0.00022792816162109375,26.519016298851618,0.06551157545637443,2.0,0.8839672099617206
0.0,FW_diminishing,diminishing,7.0,0.00025081634521484375,26.51675182618801,0.03162901646832905,2.0,0.8838917275396003
0.0,FW_diminishing,diminishing,8.0,0.00027298927307128906,26.520963277275808,0.015479066340479797,2.0,0.884032109242527
0.0,FW_diminishing,diminishing,9.0,0.0002968311309814453,26.516486476504223,0.0440716069149798,2.0,0.8838828825501408
0.0,FW_diminishing,diminishing,10.0,0.0003190040588378906,26.517770162926624,0.0042326194683779406,2.0,0.8839256720975541
0.0,FW_diminishing,diminishing,11.0,0.0003428459167480469,26.517443054939882,0.03272809422876222,2.0,0.8839147684979961
0.0,FW_diminishing,diminishing,12.0,0.0003669261932373047,26.51651870608747,0.018618720646855547,2.0,0.8838839568695823
0.0,FW_diminishing,diminishing,13.0,0.0003879070281982422,26.51855253291842,0.008158908217935412,2.0,0.8839517510972806
0.0,FW_diminishing,diminishing,14.0,0.0004107952117919922,26.516486476504223,0.02821962323468652,2.0,0.8838828825501408
0.0,FW_diminishing,diminishing,15.0,0.00043392181396484375,26.516979641383607,0.0042326194683779406,2.0,0.8838993213794536
0.0,FW_diminishing,diminishing,16.0,0.00045800209045410156,26.517025362104878,0.020408918617277116,2.0,0.8839008454034959
0.0,FW_diminishing,diminishing,17.0,0.0004811286926269531,26.516453016517456,0.013940130848594467,2.0,0.8838817672172485
0.0,FW_diminishing,diminishing,18.0,0.0005021095275878906,26.517725460581417,0.004472993981281093,2.0,0.8839241820193806
0.0,FW_diminishing,diminishing,19.0,0.0005257129669189453,26.516486476504223,0.021340507261228048,2.0,0.8838828825501408
0.0,FW_diminishing,diminishing,20.0,0.0005478858947753906,26.516693498106417,0.0042326194683779406,2.0,0.8838897832702138
0.0,FW_diminishing,diminishing,21.0,0.0005719661712646484,26.51684832946772,0.013979468867182376,2.0,0.8838949443155907
0.0,FW_diminishing,diminishing,22.0,0.0005948543548583984,26.516431529894845,0.011548463098078887,2.0,0.8838810509964948
0.0,FW_diminishing,diminishing,23.0,0.0006158351898193359,26.517336475543374,0.0022717461971932806,2.0,0.8839112158514458
0.0,FW_diminishing,diminishing,24.0,0.0006389617919921875,26.516486476504223,0.01751463726046243,2.0,0.8838828825501408
0.0,FW_diminishing,diminishing,25.0,0.0006620883941650391,26.516565862321475,0.0042326194683779406,2.0,0.8838855287440491
0.0,FW_diminishing,diminishing,26.0,0.0006868839263916016,26.516754208785628,0.010036353803718256,2.0,0.883891806959521
0.0,FW_diminishing,diminishing,27.0,0.0007097721099853516,26.516424910151606,0.01009948993119103,2.0,0.8838808303383868
0.0,FW_diminishing,diminishing,28.0,0.0007307529449462891,26.51754427046863,0.001665670526797669,3.0,0.8839181423489543
0.0,FW_diminishing,diminishing,29.0,0.0007538795471191406,26.517544941470987,0.004562538363163338,3.0,0.8839181647156996
0.0,FW_diminishing,diminishing,30.0,0.0007770061492919922,26.517446376123495,0.012776143748862712,3.0,0.8839148792041165
0.0,FW_diminishing,diminishing,31.0,0.0007998943328857422,26.517165985344523,0.009209825710008612,3.0,0.8839055328448174
0.0,FW_diminishing,diminishing,32.0,0.0008237361907958984,26.517523146195263,0.003973056096007177,3.0,0.8839174382065088
0.0,FW_diminishing,diminishing,33.0,0.0008447170257568359,26.51702078747186,0.013344636236240603,3.0,0.8839006929157287
0.0,FW_diminishing,diminishing,34.0,0.0008687973022460938,26.517017434721414,0.003995752277947684,3.0,0.8839005811573805
0.0,FW_diminishing,diminishing,35.0,0.0008909702301025391,26.517044743515175,0.009005171392008737,3.0,0.8839014914505058
0.0,FW_diminishing,diminishing,36.0,0.0009138584136962891,26.516823569475157,0.008147853888098133,3.0,0.8838941189825053
0.0,FW_diminishing,diminishing,37.0,0.0009379386901855469,26.51717377005119,0.0018360556882126566,3.0,0.8839057923350396
0.0,FW_diminishing,diminishing,38.0,0.0009589195251464844,26.51677648112979,0.011873899134851928,3.0,0.8838925493709929
0.0,FW_diminishing,diminishing,39.0,0.000982046127319336,26.516759012229457,0.003816774835149861,3.0,0.8838919670743153
0.0,FW_diminishing,diminishing,40.0,0.0010058879852294922,26.51684279119276,0.006512441685117221,3.0,0.8838947597064254
0.0,FW_diminishing,diminishing,41.0,0.00102996826171875,26.516654558914297,0.007513651930644016,3.0,0.8838884852971433
0.0,FW_diminishing,diminishing,42.0,0.0010528564453125,26.516769409139684,0.0005533436690434712,3.0,0.8838923136379895
0.0,FW_diminishing,diminishing,43.0,0.0010750293731689453,26.516660753266766,0.01033451140790298,3.0,0.8838886917755588
0.0,FW_diminishing,diminishing,44.0,0.0010979175567626953,26.51661530118129,0.00414753113651134,3.0,0.883887176706043
0.0,FW_diminishing,diminishing,45.0,0.0011210441589355469,26.51674737201617,0.004195686622397332,3.0,0.8838915790672056
0.0,FW_diminishing,diminishing,46.0,0.0011436939239501953,26.516566689648087,0.007442954654320655,3.0,0.8838855563216029
0.0,FW_diminishing,diminishing,47.0,0.0011668205261230469,26.51663266132121,0.0011785573878526634,3.0,0.8838877553773737
0.0,FW_diminishing,diminishing,48.0,0.0011878013610839844,26.51659931477191,0.007840137530725322,3.0,0.8838866438257303
0.0,FW_diminishing,diminishing,49.0,0.0012118816375732422,26.516537294956645,0.0043914838837655346,3.0,0.8838845764985549
0.0,FW_diminishing,diminishing,50.0,0.001233816146850586,26.516691283626642,0.0025328293149144976,3.0,0.8838897094542214
0.0,FW_diminishing,diminishing,51.0,0.0012569427490234375,26.516519748526513,0.007358099039014743,3.0,0.8838839916175504
0.0,FW_diminishing,diminishing,52.0,0.0012810230255126953,26.516552640572844,0.0016678551824740317,3.0,0.8838850880190948
0.0,FW_diminishing,diminishing,53.0,0.0013027191162109375,26.516564831430255,0.005969146877658815,3.0,0.8838854943810085
0.0,FW_diminishing,diminishing,54.0,0.001325845718383789,26.516493346972087,0.004568195141612996,3.0,0.8838831115657363
0.0,FW_diminishing,diminishing,55.0,0.001348733901977539,26.516655852079936,0.001289681742844273,3.0,0.8838885284026645
0.0,FW_diminishing,diminishing,56.0,0.0013718605041503906,26.516493945839773,0.007263199319567981,3.0,0.8838831315279925
0.0,FW_diminishing,diminishing,57.0,0.0013949871063232422,26.516504091417225,0.002054005278377957,3.0,0.8838834697139075
0.0,FW_diminishing,diminishing,58.0,0.001416921615600586,26.516544566203883,0.00451803342530388,3.0,0.8838848188734628
0.0,FW_diminishing,diminishing,59.0,0.0014400482177734375,26.516468038618097,0.004695169678918365,3.0,0.8838822679539365
0.0,FW_diminishing,diminishing,60.0,0.001462697982788086,26.51663201986489,0.0003300117321209939,3.0,0.8838877339954964
0.0,FW_diminishing,diminishing,61.0,0.0014858245849609375,26.51647959450787,0.007163092645367186,3.0,0.8838826531502624
0.0,FW_diminishing,diminishing,62.0,0.001508951187133789,26.51647388437084,0.002362253898925637,3.0,0.8838824628123613
0.0,FW_diminishing,diminishing,63.0,0.0015299320220947266,26.516532176965697,0.003362188287405754,3.0,0.8838844058988565
0.0,FW_diminishing,diminishing,64.0,0.0015540122985839844,26.51645337436182,0.004785816990977132,3.0,0.883881779145394
0.0,FW_diminishing,diminishing,65.0,0.0015778541564941406,26.5165017817953,0.0004025744145801369,3.0,0.88388339272651
0.0,FW_diminishing,diminishing,66.0,0.0016009807586669922,26.516474587078967,0.006026959970601542,3.0,0.8838824862359655
0.0,FW_diminishing,diminishing,67.0,0.0016238689422607422,26.516453250815232,0.0027696473395506516,3.0,0.8838817750271744
0.0,FW_diminishing,diminishing,68.0,0.001645803451538086,26.51652934701019,0.00218480232669771,3.0,0.8838843115670064
0.0,FW_diminishing,diminishing,69.0,0.0016689300537109375,26.51644579223923,0.005003850380973507,3.0,0.8838815264079743
0.0,FW_diminishing,diminishing,70.0,0.0016908645629882812,26.516473441244372,0.0009023823470535319,3.0,0.8838824480414791
0.0,FW_diminishing,diminishing,71.0,0.0017139911651611328,26.516473049525978,0.004732473079912314,3.0,0.8838824349841993
0.0,FW_diminishing,diminishing,72.0,0.0017368793487548828,26.51644100617992,0.0030904604523120938,3.0,0.883881366872664
0.0,FW_diminishing,diminishing,73.0,0.0017590522766113281,26.51652813077753,0.0012327232103501728,3.0,0.8838842710259177
0.0,FW_diminishing,diminishing,74.0,0.0017819404602050781,26.516442470408517,0.005162911543964199,3.0,0.8838814156802839
0.0,FW_diminishing,diminishing,75.0,0.0018041133880615234,26.516454766913856,0.001311821856090134,3.0,0.8838818255637952
0.0,FW_diminishing,diminishing,76.0,0.001828908920288086,26.51647332963926,0.0036648867499673443,3.0,0.8838824443213087
0.0,FW_diminishing,diminishing,77.0,0.0018529891967773438,26.51643395645724,0.003345999030099467,3.0,0.8838811318819081
0.0,FW_diminishing,diminishing,78.0,0.0018739700317382812,26.51652768646796,0.0004500614136109249,3.0,0.8838842562155986
0.0,FW_diminishing,diminishing,79.0,0.0018968582153320312,26.516441616836197,0.005278742078047571,3.0,0.8838813872278732
0.0,FW_diminishing,diminishing,80.0,0.0019190311431884766,26.516442435838307,0.0016510981417421355,3.0,0.8838814145279436
0.0,FW_diminishing,diminishing,81.0,0.0019419193267822266,26.51647452666508,0.0027714446048769936,3.0,0.8838824842221693
0.0,FW_diminishing,diminishing,82.0,0.0019648075103759766,26.516430179282445,0.0035516229597223337,3.0,0.8838810059760814
0.0,FW_diminishing,diminishing,83.0,0.0019867420196533203,26.516463619267927,0.00016942486743509733,3.0,0.8838821206422642
0.0,FW_diminishing,diminishing,84.0,0.002009868621826172,26.516443549687256,0.004871414384332695,3.0,0.8838814516562419
0.0,FW_diminishing,diminishing,85.0,0.0020329952239990234,26.51643351831679,0.002032955202955211,3.0,0.8838811172772264
0.0,FW_diminishing,diminishing,86.0,0.0020558834075927734,26.516478598628233,0.0018661713368519628,3.0,0.8838826199542744
0.0,FW_diminishing,diminishing,87.0,0.002079010009765625,26.51642883901013,0.003814256785636516,3.0,0.8838809613003377
0.0,FW_diminishing,diminishing,88.0,0.0020999908447265625,26.51644909062817,0.0006005436250537954,3.0,0.8838816363542724
0.0,FW_diminishing,diminishing,89.0,0.0021228790283203125,26.516446338843302,0.003892183387390169,3.0,0.8838815446281101
0.0,FW_diminishing,diminishing,90.0,0.0021457672119140625,26.516428211748284,0.0023505084281785216,3.0,0.8838809403916095
0.0,FW_diminishing,diminishing,91.0,0.002168893814086914,26.516482504265575,0.0011018057468845655,3.0,0.8838827501421859
0.0,FW_diminishing,diminishing,92.0,0.002192974090576172,26.51642915174461,0.00402685868717878,3.0,0.8838809717248204
0.0,FW_diminishing,diminishing,93.0,0.0022149085998535156,26.516439104523677,0.0009672510864824346,3.0,0.8838813034841225
0.0,FW_diminishing,diminishing,94.0,0.0022389888763427734,26.51644949626559,0.003054738103436705,3.0,0.8838816498755196
0.0,FW_diminishing,diminishing,95.0,0.002260923385620117,26.516425313742648,0.0026167605974118935,3.0,0.8838808437914216
0.0,FW_diminishing,diminishing,96.0,0.0022847652435302734,26.51648609712133,0.00044975339153285887,3.0,0.8838828699040443
0.0,FW_diminishing,diminishing,97.0,0.002307891845703125,26.516430460022498,0.004200020398509086,3.0,0.8838810153340833
0.0,FW_diminishing,diminishing,98.0,0.0023288726806640625,26.516432312861657,0.0012816270844675515,3.0,0.8838810770953885
0.0,FW_diminishing,diminishing,99.0,0.0023517608642578125,26.516452741954406,0.0023317729719298796,3.0,0.8838817580651469
0.0,FW_diminishing,diminishing,100.0,0.002374887466430664,26.516424032320916,0.002841665995696907,3.0,0.8838808010773639
0.0,FW_diminishing,diminishing,101.0,0.0023949146270751953,26.516424032320916,8.50162935885912e-05,3.0,0.8838808010773639
0.0,FW_exact,exact,0.0,3.981590270996094e-05,26.58386228505275,3.716137714947244,1.0,0.8861287428350917
0.0,FW_exact,exact,1.0,7.176399230957031e-05,26.516423931256195,0.34746059141359886,2.0,0.8838807977085399
0.0,FW_exact,exact,2.0,9.894371032714844e-05,26.51642187280503,0.001509363056001245,3.0,0.883880729093501
0.0,FW_exact,exact,3.0,0.00015783309936523438,26.5164218276148,0.0001105014345506028,3.0,0.88388072758716
0.0,FW_exact,exact,4.0,0.00018906593322753906,26.5164218276148,3.4276601680538477e-05,3.0,0.88388072758716
0.0,AFW_diminishing,diminishing,0.0,4.1961669921875e-05,26.683954368744832,0.34746059141359886,1.0,0.8894651456248277
0.0,AFW_diminishing,diminishing,1.0,8.296966552734375e-05,26.517770162926624,0.5476447587977584,2.0,0.8839256720975541
0.0,AFW_diminishing,diminishing,2.0,0.00011396408081054688,26.55113419082399,0.03272809422876266,2.0,0.8850378063607997
0.0,AFW_diminishing,diminishing,3.0,0.0001418590545654297,26.516486476504223,0.16618420581820414,2.0,0.8838828825501408
0.0,AFW_diminishing,diminishing,4.0,0.0001728534698486328,26.532272273774264,0.004232619468377052,2.0,0.8844090757924755
0.0,AFW_diminishing,diminishing,5.0,0.00019884109497070312,26.517154155588788,0.13475161709706152,2.0,0.8839051385196263
0.0,AFW_diminishing,diminishing,6.0,0.00022673606872558594,26.521122742616683,0.015495423106462347,2.0,0.8840374247538895
0.0,AFW_diminishing,diminishing,7.0,0.0002529621124267578,26.517840822223143,0.06551157545637443,2.0,0.883928027407438
0.0,AFW_diminishing,diminishing,8.0,0.00027871131896972656,26.517770162926627,0.022384003857927937,2.0,0.8839256720975542
0.0,AFW_diminishing,diminishing,9.0,0.00029969215393066406,26.518395213564272,0.03272809422876222,2.0,0.8839465071188091
0.0,AFW_diminishing,diminishing,10.0,0.0003228187561035156,26.516693498106417,0.0270024894837686,2.0,0.8838897832702138
0.0,AFW_diminishing,diminishing,11.0,0.0003490447998046875,26.51883252276603,0.013979468867182376,2.0,0.883961084092201
0.0,AFW_diminishing,diminishing,12.0,0.0003731250762939453,26.516429613074987,0.03030690223283017,2.0,0.8838809871024995
0.0,AFW_diminishing,diminishing,13.0,0.00039887428283691406,26.519181036082763,0.0019626479204735148,2.0,0.8839727012027587
0.0,AFW_diminishing,diminishing,14.0,0.0004220008850097656,26.516486476504223,0.0327857780530163,2.0,0.8838828825501408
0.0,AFW_diminishing,diminishing,15.0,0.0004448890686035156,26.51796956390652,0.0042326194683774965,2.0,0.8839323187968839
0.0,AFW_diminishing,diminishing,16.0,0.0004696846008300781,26.516534855552067,0.03527452269364062,2.0,0.8838844951850688
0.0,AFW_diminishing,diminishing,17.0,0.0004937648773193359,26.517412657638125,0.0056919681186329285,2.0,0.8839137552546041
0.0,AFW_diminishing,diminishing,18.0,0.0005178451538085938,26.516583469991456,0.027717830641589725,2.0,0.8838861156663819
0.0,AFW_diminishing,diminishing,19.0,0.0005419254302978516,26.517056333433395,0.006879269441058433,2.0,0.8839018777811132
0.0,AFW_diminishing,diminishing,20.0,0.0005657672882080078,26.51662979830209,0.021850878619920966,2.0,0.883887659943403
0.0,AFW_diminishing,diminishing,21.0,0.0005898475646972656,26.516823771189852,0.00786380351624194,2.0,0.8838941257063284
0.0,AFW_diminishing,diminishing,22.0,0.0006139278411865234,26.516672910319045,0.01716859663192727,2.0,0.8838890970106348
0.0,AFW_diminishing,diminishing,23.0,0.0006389617919921875,26.516670515142955,0.008693258761725442,2.0,0.8838890171714319
0.0,AFW_diminishing,diminishing,24.0,0.0006628036499023438,26.516712588599482,0.013347786620706348,2.0,0.8838904196199827
0.0,AFW_diminishing,diminishing,25.0,0.0006859302520751953,26.516569626882717,0.009401503270855649,2.0,0.8838856542294239
0.0,AFW_diminishing,diminishing,26.0,0.0007100105285644531,26.516748932431952,0.010172373400876289,2.0,0.883891631081065
0.0,AFW_diminishing,diminishing,27.0,0.0007340908050537109,26.516504156131397,0.01001323774859264,2.0,0.8838834718710465
0.0,AFW_diminishing,diminishing,28.0,0.0007588863372802734,26.516782173048863,0.007492600441642683,2.0,0.8838927391016288
0.0,AFW_diminishing,diminishing,29.0,0.0007829666137695312,26.516463098472478,0.010546892886830417,2.0,0.8838821032824159
0.0,AFW_diminishing,diminishing,30.0,0.0008058547973632812,26.51681258598166,0.005201497861438309,2.0,0.8838937528660554
0.0,AFW_diminishing,diminishing,31.0,0.0008327960968017578,26.516439119557983,0.011016495918801272,2.0,0.8838813039852661
0.0,AFW_diminishing,diminishing,32.0,0.0008590221405029297,26.51684044976677,0.0032206761778628135,2.0,0.8838946816588924
0.0,AFW_diminishing,diminishing,33.0,0.000885009765625,26.5164272212919,0.011432909224057486,2.0,0.8838809073763966
0.0,AFW_diminishing,diminishing,34.0,0.0009107589721679688,26.51718213379839,0.001798911497765232,3.0,0.883906071126613
0.0,AFW_diminishing,diminishing,35.0,0.0009360313415527344,26.516424738005366,0.002961229498577911,3.0,0.8838808246001789
0.0,AFW_diminishing,diminishing,36.0,0.0009601116180419922,26.51682902869801,0.0011989272608450285,3.0,0.8838943009566003
0.0,AFW_diminishing,diminishing,37.0,0.0009827613830566406,26.516422649682735,0.01128967791783575,3.0,0.8838807549894245
0.0,AFW_diminishing,diminishing,38.0,0.0010077953338623047,26.516423951390863,0.00011259164183474724,2.0,0.8838807983796955
0.0,AFW_diminishing,diminishing,39.0,0.0010318756103515625,26.517007678672126,0.0015315398726785112,3.0,0.8839002559557375
0.0,AFW_diminishing,diminishing,40.0,0.0010578632354736328,26.51642197438512,0.0031472480334033825,3.0,0.883880732479504
0.0,AFW_diminishing,diminishing,41.0,0.0010788440704345703,26.51642197438512,6.906333265632725e-05,3.0,0.883880732479504
0.0,AFW_exact,exact,0.0,4.00543212890625e-05,26.516423931256195,0.34746059141359886,2.0,0.8838807977085399
0.0,AFW_exact,exact,1.0,7.390975952148438e-05,26.51642187280503,0.001509363056001245,3.0,0.883880729093501
0.0,AFW_exact,exact,2.0,0.00010919570922851562,26.516421827492817,0.0001105014345506028,3.0,0.8838807275830939
0.0,AFW_exact,exact,3.0,0.00013017654418945312,26.516421827492817,3.235140371593559e-05,3.0,0.8838807275830939
0.0,PFW_diminishing,diminishing,0.0,3.62396240234375e-05,26.683954368744832,0.34746059141359886,1.0,0.8894651456248277
0.0,PFW_diminishing,diminishing,1.0,6.723403930664062e-05,26.517770162926624,0.5476447587977584,2.0,0.8839256720975541
0.0,PFW_diminishing,diminishing,2.0,9.608268737792969e-05,26.60511226103147,0.03272809422876266,2.0,0.8868370753677156
0.0,PFW_diminishing,diminishing,3.0,0.00012111663818359375,26.517336475543367,0.3320504448021109,2.0,0.8839112158514456
0.0,PFW_diminishing,diminishing,4.0,0.00014734268188476562,26.55359175266245,0.017514637260461985,2.0,0.8851197250887483
0.0,PFW_diminishing,diminishing,5.0,0.00017118453979492188,26.51642664880384,0.23215505075321596,2.0,0.8838808882934613
0.0,PFW_diminishing,diminishing,6.0,0.00019311904907226562,26.539810768934576,0.0017719716252284634,3.0,0.8846603589644858
0.0,PFW_diminishing,diminishing,7.0,0.00021719932556152344,26.516650582872312,0.09014217145867764,3.0,0.8838883527624104
0.0,PFW_diminishing,diminishing,8.0,0.00024127960205078125,26.51642664880384,0.004510963899431619,2.0,0.8838808882934613
0.0,PFW_diminishing,diminishing,9.0,0.00026917457580566406,26.528665056296525,0.0017719716252284634,3.0,0.8842888352098842
0.0,PFW_diminishing,diminishing,10.0,0.00029206275939941406,26.516475210935152,0.05578946712873378,3.0,0.8838825070311718
0.0,PFW_diminishing,diminishing,11.0,0.0003151893615722656,26.51642664880384,0.001926649829942395,2.0,0.8838808882934613
0.0,PFW_diminishing,diminishing,12.0,0.00033926963806152344,26.523901704542933,0.0017719716252289075,3.0,0.8841300568180978
0.0,PFW_diminishing,diminishing,13.0,0.00036215782165527344,26.516436558115643,0.03937060416221794,3.0,0.8838812186038548
0.0,PFW_diminishing,diminishing,14.0,0.00038909912109375,26.51642664880384,0.0008538100467969656,2.0,0.8838808882934613
0.0,PFW_diminishing,diminishing,15.0,0.00041222572326660156,26.52144178563121,0.0017719716252284634,3.0,0.8840480595210404
0.0,PFW_diminishing,diminishing,16.0,0.000446319580078125,26.516425937928048,0.029991133747436116,3.0,0.8838808645976016
0.0,PFW_diminishing,diminishing,17.0,0.0004711151123046875,26.51642664880384,0.00030402062375101124,2.0,0.8838808882934613
0.0,PFW_diminishing,diminishing,18.0,0.0004942417144775391,26.520010744207234,0.0017719716252289075,3.0,0.8840003581402411
0.0,PFW_diminishing,diminishing,19.0,0.0005171298980712891,26.516422881535856,0.024007308085549628,3.0,0.8838807627178619
0.0,PFW_diminishing,diminishing,20.0,0.0005371570587158203,26.516422881535856,3.819654438430575e-05,3.0,0.8838807627178619
